cruise,cast,niskin,date,latitude,longitude,depth,sample_type,replicate,doc,dtn,iode_quality_flag_c,iode_quality_flag_n,date_analyzed,filename,nearest_station,distance_km
AT46,1.0,2.0,2022-02-16 18:29:56,41.1969,-70.883,17.905,cast,a,90.8,6.1,1,1,2022-03-03,LTER_AT45_C1_N2_DOC.16.Feb.2022_note,L1,0.034
AT46,1.0,13.0,2022-02-16 18:35:38,41.1966,-70.8828,2.056,cast,a,85.9,5.1,1,1,2022-03-03,LTER_AT45_C1_N13_DOC.16.Feb.2022_note,L1,0.043
AT46,2.0,2.0,2022-02-17 02:32:13,40.6969,-70.8819,59.848,cast,a,81.0,7.4,1,1,2022-03-03,LTER_AT46_C2_N2,L4,0.12
AT46,2.0,8.0,2022-02-17 02:38:14,40.6968,-70.8817,38.226,cast,a,82.4,8.3,1,1,2022-03-04,LTER_AT46_C2_N8,L4,0.135
AT46,2.0,19.0,2022-02-17 02:45:33,40.6974,-70.8813,2.493,cast,a,81.1,7.7,1,1,2022-03-04,LTER_AT46_C2_N19,L4,0.186
AT46,3.0,4.0,2022-02-17 05:27:48,40.5141,-70.8818,55.5,cast,a,76.0,9.1,1,1,2022-03-04,LTER_AT46_C3_N4,L05,0.155
AT46,3.0,13.0,2022-02-17 05:40:37,40.5141,-70.8807,3.136,cast,a,74.6,8.9,1,1,2022-03-03,LTER_AT46_C3_N13,L05,0.237
AT46,6.0,13.0,2022-02-17 13:23:09,40.3635,-70.8812,21.973,cast,a,74.0,8.1,1,1,2022-03-03,LTER_AT46_C6_N13,L6,0.179
AT46,6.0,18.0,2022-02-17 13:26:54,40.3634,-70.8812,2.935,cast,a,70.9,8.8,1,1,2022-03-03,LTER_AT46_C6_N18,L6,0.178
AT46,7.0,1.0,2022-02-17 21:36:47,39.7727,-70.8816,496.166,cast,a,49.9,23.5,1,1,2022-03-03,LTER_AT46_C7_N1,L11,0.16
AT46,7.0,1.0,2022-02-17 21:36:47,39.7727,-70.8816,496.166,cast,b,48.4,24.3,1,1,2022-03-04,LTER_AT46_C7_N1_dup,L11,0.16
AT46,7.0,4.0,2022-02-17 21:59:44,39.7726,-70.8808,99.355,cast,a,73.9,11.3,1,1,2022-03-03,LTER_AT46_C7_N4,L11,0.227
AT46,7.0,9.0,2022-02-17 22:09:52,39.7726,-70.8806,45.97,cast,a,64.7,10.8,1,1,2022-03-04,LTER_AT46_C7_N9,L11,0.244
AT46,7.0,19.0,2022-02-17 22:18:47,39.7726,-70.8802,3.683,cast,a,69.9,11.7,1,1,2022-03-03,LTER_AT46_C7_N19,L11,0.276
AT46,8.0,13.0,2022-02-18 04:44:34,40.0906,-70.8669,28.411,cast,a,72.0,9.2,1,1,2022-03-04,LTER_AT46_C8_N13,L9,1.637
AT46,8.0,22.0,2022-02-18 04:51:00,40.0905,-70.8658,1.88,cast,a,75.1,8.6,1,1,2022-03-04,LTER_AT46_C8_N22,L9,1.723
AT46,9.0,12.0,2022-02-18 08:12:37,39.9514,-70.8766,37.203,cast,a,71.2,8.7,1,1,2022-03-04,LTER_AT46_C9_N12,L10,1.39
AT46,9.0,16.0,2022-02-18 08:16:01,39.9514,-70.8761,25.463,cast,a,71.2,8.0,1,1,2022-03-04,LTER_AT46_C9_N16,L10,1.408
AT46,9.0,20.0,2022-02-18 08:18:28,39.9513,-70.8758,7.591,cast,a,69.6,8.3,1,1,2022-03-04,LTER_AT46_C9_N20,L10,1.41
AT46,13.0,6.0,2022-02-19 03:29:17,40.1345,-70.7819,58.252,cast,a,70.6,10.7,1,1,2022-03-04,LTER_AT46_C13_N6,L8,0.636
AT46,13.0,6.0,2022-02-19 03:29:17,40.1345,-70.7819,58.252,cast,b,67.7,11.0,1,1,2022-03-04,LTER_AT46_C13_N6_dup,L8,0.636
AT46,13.0,10.0,2022-02-19 03:31:55,40.1344,-70.782,44.625,cast,a,64.9,10.6,1,1,2022-03-04,LTER_AT46_C13_N16_couldBeN10,L8,0.648
AT46,13.0,19.0,2022-02-19 03:38:33,40.1335,-70.783,7.312,cast,a,71.4,7.8,1,1,2022-03-04,LTER_AT46_C13_N19,L8,0.768
AT46,14.0,15.0,2022-02-19 06:12:51,40.2235,-70.8875,24.968,cast,a,73.6,8.2,1,1,2022-03-03,LTER_AT46_C14_N15,L7,0.504
AT46,14.0,21.0,2022-02-19 06:16:46,40.2231,-70.888,4.486,cast,a,72.3,8.3,1,1,2022-03-04,LTER_AT46_C14_N21,L7,0.565
AT46,16.0,7.0,2022-02-19 23:41:10,40.8611,-70.8816,29.939,cast,a,85.6,6.6,1,1,2022-03-03,LTER_AT46_C16_N7,L3,0.283
AT46,16.0,12.0,2022-02-19 23:46:39,40.8607,-70.8822,7.297,cast,a,85.1,6.7,1,1,2022-03-04,LTER_AT46_C16_N12,L3,0.304
AT46,17.0,4.0,2022-02-20 01:19:14,41.0269,-70.8854,28.247,cast,a,85.9,4.4,1,1,2022-03-03,LTER_AT46_C17_N4,L2,0.387
AT46,17.0,9.0,2022-02-20 01:21:42,41.0267,-70.8854,15.573,cast,a,88.1,5.7,1,1,2022-03-03,LTER_AT46_C17_N9,L2,0.407
AT46,17.0,14.0,2022-02-20 01:23:38,41.0271,-70.8859,7.05,cast,a,87.0,5.1,1,1,2022-03-03,LTER_AT46_C17_N14,L2,0.389
AT46,23.0,2.0,2022-02-21 11:41:00,41.324,-70.5629,12.151,cast,a,90.9,6.0,1,1,2022-03-03,LTER_AT46_C23_N2,MVCO,0.336
AT46,23.0,3.0,2022-02-21 11:43:51,41.3242,-70.5626,5.899,cast,a,87.7,4.9,1,1,2022-03-03,LTER_AT46_C23_N3,MVCO,0.354
AT46,23.0,7.0,2022-02-21 11:45:55,41.3242,-70.5626,2.002,cast,a,93.2,5.3,1,1,2022-03-03,LTER_AT46_C23_N7,MVCO,0.354
AR66B,1.0,4.0,2022-04-20 14:28:58,41.0307,-70.8825,30.336,cast,a,81.5,6.1,1,1,2022-06-09,LTER_AR66B_C1_N4,L2,0.103
AR66B,1.0,9.0,2022-04-20 14:33:33,41.0307,-70.8825,3.417,cast,a,84.0,5.8,1,1,2022-06-09,LTER_AR66B_C1_N9,L2,0.103
AR66B,2.0,4.0,2022-04-20 17:16:40,40.863,-70.8832,34.125,cast,a,82.6,7.2,1,1,2022-06-08,LTER_AR66B_C2_N4,L3,0.034
AR66B,2.0,13.0,2022-04-20 17:22:26,40.863,-70.8832,5.349,cast,a,76.4,7.0,1,1,2022-06-08,LTER_AR66B_C2_N11,L3,0.034
AR66B,4.0,8.0,2022-04-20 22:12:00,40.5125,-70.8822,35.093,cast,a,71.4,5.0,1,1,2022-06-09,LTER_AR66B_C4_N8,L05,0.129
AR66B,4.0,15.0,2022-04-20 22:17:15,40.5125,-70.8822,3.948,cast,a,70.2,5.1,1,1,2022-06-09,LTER_AR66B_C4_N13,L05,0.129
AR66B,6.0,12.0,2022-04-21 15:34:06,39.9398,-70.8815,80.097,cast,a,63.0,5.3,1,1,2022-06-09,LTER_AR66B_C6_N13,L10,0.155
AR66B,6.0,21.0,2022-04-21 15:43:07,39.9398,-70.8815,4.216,cast,a,69.4,6.4,1,1,2022-06-08,LTER_AR66B_C6_N21,L10,0.155
AR66B,8.0,2.0,2022-04-22 02:01:57,39.7733,-70.882,502.819,cast,a,44.5,23.6,1,1,2022-06-09,LTER_AR66B_C8_N2,L11,0.111
AR66B,8.0,2.0,2022-04-22 02:01:57,39.7733,-70.882,502.819,cast,b,47.1,25.7,1,1,2022-06-08,LTER_AR66B_C8_N2_DOCdup,L11,0.111
AR66B,8.0,11.0,2022-04-22 02:21:27,39.7733,-70.882,83.045,cast,a,58.1,7.1,1,1,2022-06-09,LTER_AR66B_C8_N11,L11,0.111
AR66B,8.0,19.0,2022-04-22 02:28:37,39.7733,-70.882,3.983,cast,a,59.9,5.8,1,1,2022-06-09,LTER_AR66B_C8_N19,L11,0.111
AR66B,15.0,15.0,2022-04-23 15:33:24,40.0982,-70.8847,23.143,cast,a,70.3,5.2,1,1,2022-06-08,LTER_AR66B_C15_N15,L9,0.12
AR66B,15.0,18.0,2022-04-23 15:35:48,40.0982,-70.8847,6.894,cast,b,71.1,4.6,1,1,2022-06-08,LTER_AR66B_C15_N18_dup,L9,0.12
AR66B,15.0,18.0,2022-04-23 15:35:48,40.0982,-70.8847,6.894,cast,a,69.8,3.8,1,1,2022-06-08,LTER_AR66B_C15_N18,L9,0.12
AR66B,15.0,20.0,2022-04-23 15:37:18,40.0982,-70.8847,4.223,cast,a,70.9,3.5,1,1,2022-06-09,LTER_AR66B_C15_N20,L9,0.12
AR66B,19.0,9.0,2022-04-24 14:28:15,40.2265,-70.8832,34.963,cast,a,72.2,6.5,1,1,2022-06-08,LTER_AR66B_C19_N9,L7,0.024
AR66B,19.0,12.0,2022-04-24 14:30:29,40.2265,-70.8832,24.753,cast,a,70.2,5.2,1,1,2022-06-09,LTER_AR66B_C19_N12,L7,0.024
AR66B,19.0,14.0,2022-04-24 14:33:02,40.2265,-70.8832,16.977,cast,a,70.8,3.9,1,1,2022-06-09,LTER_AR66B_C19_N14,L7,0.024
AR66B,19.0,20.0,2022-04-24 14:37:23,40.2265,-70.8832,3.09,cast,a,70.4,3.8,1,1,2022-06-09,LTER_AR66B_C19_N20,L7,0.024
AR66B,20.0,15.0,2022-04-24 22:24:25,40.134,-70.77,12.005,cast,a,70.5,4.4,1,1,2022-06-09,LTER_AR66B_C20_N15,L8,0.52
AR66B,20.0,18.0,2022-04-24 22:26:12,40.134,-70.77,2.825,cast,a,72.6,4.8,1,1,2022-06-08,LTER_AR66B_C20_N18,L8,0.52
AR66B,22.0,8.0,2022-04-25 21:22:53,40.3617,-70.876,22.037,cast,a,70.9,6.5,1,1,2022-06-08,LTER_AR66B_C22_N8,L6,0.644
AR66B,22.0,14.0,2022-04-25 21:27:46,40.3617,-70.876,3.181,cast,a,70.9,4.1,1,1,2022-06-09,LTER_AR66B_C22_N14,L6,0.644
AR66B,22.0,14.0,2022-04-25 21:27:46,40.3617,-70.876,3.181,cast,b,70.2,5.5,1,1,2022-06-08,LTER_AR66B_C22_N14,L6,0.644
EN687,1.0,3.0,2022-07-29 19:22:10,41.1897,-70.8755,16.013,cast,a,84.3,4.8,1,1,2022-02-20,'LTER_EN687_C1N3',L1,1.016
EN687,1.0,15.0,2022-07-29 19:26:48,41.1896,-70.8744,3.468,cast,a,86.1,6.3,1,1,2022-02-20,'LTER_EN687_C1N15',L1,1.085
EN687,1.0,15.0,2022-07-29 19:26:48,41.1896,-70.8744,3.468,cast,b,92.8,5.4,1,1,2022-02-20,'LTER_EN687_C1N15_dup',L1,1.085
EN687,2.0,8.0,2022-07-30 03:05:31,41.0266,-70.8831,25.184,cast,a,75.9,6.7,1,1,2022-02-20,'LTER_EN687_C2N8',L2,0.378
EN687,2.0,10.0,2022-07-30 03:07:02,41.0264,-70.8829,13.464,cast,a,76.3,5.4,1,1,2022-02-20,'LTER_EN687_C2N10',L2,0.402
EN687,2.0,16.0,2022-07-30 03:09:12,41.0262,-70.8826,3.012,cast,a,83.3,6.1,1,1,2022-02-20,'LTER_EN687_C2N16',L2,0.427
EN687,5.0,7.0,2022-07-30 11:52:53,40.7023,-70.8849,30.255,cast,a,82.5,5.0,1,1,2022-02-20,'LTER_EN687_C5N7',L4,0.637
EN687,5.0,16.0,2022-07-30 11:55:13,40.7028,-70.8852,15.782,cast,a,81.6,4.6,1,1,2022-02-20,'LTER_EN687_C5N16',L4,0.697
EN687,5.0,18.0,2022-07-30 11:57:38,40.7033,-70.8854,2.871,cast,a,89.6,5.0,1,1,2022-02-20,'LTER_EN687_C5N18',L4,0.755
EN687,6.0,2.0,2022-07-30 14:15:10,40.515,-70.8908,70.794,cast,a,61.9,11.9,1,1,2022-02-20,'LTER_EN687_C6N2',L05,0.662
EN687,6.0,8.0,2022-07-30 14:19:55,40.5158,-70.893,33.392,cast,a,70.2,7.1,1,1,2022-02-20,'LTER_EN687_C6N8',L05,0.866
EN687,6.0,15.0,2022-07-30 14:26:32,40.5167,-70.8951,2.999,cast,a,91.6,5.0,1,1,2022-02-20,'LTER_EN687_C6N15',L05,1.067
EN687,7.0,1.0,2022-07-31 06:32:00,39.9218,-70.8903,483.425,cast,a,45.7,26.3,1,1,2022-02-20,'LTER_EN687_C7N1',L10,2.11
EN687,7.0,5.0,2022-07-31 06:48:15,39.9194,-70.8948,92.769,cast,a,56.4,12.8,1,1,2022-02-20,'LTER_EN687_C7N5',L10,2.492
EN687,7.0,8.0,2022-07-31 06:55:04,39.9184,-70.8972,30.771,cast,a,69.2,5.6,1,1,2022-02-20,'LTER_EN687_C7N8',L10,2.678
EN687,7.0,19.0,2022-07-31 07:01:35,39.9178,-70.8997,3.318,cast,a,87.4,4.8,1,1,2022-02-20,'LTER_EN687_C7N19',L10,2.837
EN687,7.0,19.0,2022-07-31 07:01:35,39.9178,-70.8997,3.318,cast,b,84.1,5.8,1,1,2022-02-20,'LTER_EN687_C7N19_dup',L10,2.837
EN687,10.0,2.0,2022-07-31 16:06:06,39.7789,-70.8878,500.56,cast,a,45.9,21.7,1,1,2022-02-20,'LTER_EN687_C10N2',L11,0.732
EN687,10.0,2.0,2022-07-31 16:06:06,39.7789,-70.8878,500.56,cast,b,44.4,25.2,1,1,2022-02-20,'LTER_EN687_C10N2_dup',L11,0.732
EN687,10.0,4.0,2022-07-31 16:17:10,39.7805,-70.8904,90.498,cast,a,48.4,19.7,1,1,2022-02-20,'LTER_EN687_C10N4',L11,1.005
EN687,10.0,9.0,2022-07-31 16:23:31,39.7816,-70.8916,37.363,cast,a,61.9,4.6,1,1,2022-02-20,'LTER_EN687_C10N9',L11,1.164
EN687,10.0,19.0,2022-07-31 16:30:15,39.783,-70.8927,2.767,cast,a,78.5,4.3,1,1,2022-02-20,'LTER_EN687_C10N19',L11,1.345
EN687,13.0,5.0,2022-08-01 07:55:48,40.0909,-70.8808,90.291,cast,a,60.2,10.8,1,1,2022-02-20,'LTER_EN687_C13N5',L9,0.85
EN687,13.0,12.0,2022-08-01 08:02:33,40.0895,-70.8796,32.024,cast,a,66.6,6.0,1,1,2022-02-20,'LTER_EN687_C13N12',L9,1.028
EN687,13.0,19.0,2022-08-01 08:07:33,40.0889,-70.8786,3.446,cast,a,91.8,5.7,1,1,2022-02-20,'LTER_EN687_C13N19',L9,1.119
EN687,16.0,2.0,2022-08-01 13:35:15,40.1436,-70.773,89.845,cast,a,55.7,11.0,1,1,2022-02-20,'LTER_EN687_C16N2',L8,0.786
EN687,16.0,9.0,2022-08-01 13:41:56,40.1445,-70.7735,36.361,cast,a,69.9,4.0,1,1,2022-02-20,'LTER_EN687_C16N9',L8,0.877
EN687,16.0,19.0,2022-08-01 13:47:19,40.1452,-70.7737,2.708,cast,a,85.8,5.2,1,1,2022-02-20,'LTER_EN687_C16N19',L8,0.952
EN687,18.0,2.0,2022-08-02 03:28:21,40.3602,-70.8818,88.273,cast,a,60.5,14.2,1,1,2022-02-20,'LTER_EN687_C18N2',L6,0.367
EN687,18.0,10.0,2022-08-02 03:41:21,40.3591,-70.8784,19.126,cast,a,82.5,4.2,1,1,2022-02-20,'LTER_EN687_C18N10',L6,0.625
EN687,18.0,19.0,2022-08-02 03:47:15,40.3587,-70.877,3.324,cast,a,83.3,5.5,1,1,2022-02-20,'LTER_EN687_C18N19',L6,0.739
EN687,21.0,3.0,2022-08-02 11:05:47,40.2279,-70.8752,94.784,cast,a,52.8,16.4,1,1,2022-02-20,'LTER_EN687_C21N3',L7,0.7
EN687,21.0,10.0,2022-08-02 11:15:17,40.2273,-70.8723,31.671,cast,a,73.4,4.0,1,1,2022-02-20,'LTER_EN687_C21N10',L7,0.936
EN687,21.0,18.0,2022-08-02 11:20:10,40.2269,-70.8706,2.923,cast,a,88.2,4.9,1,1,2022-02-20,'LTER_EN687_C21N18',L7,1.078
EN687,22.0,7.0,2022-08-02 21:22:17,40.8632,-70.877,23.742,cast,a,77.5,5.1,1,1,2022-02-20,'LTER_EN687_C22N7',L3,0.53
EN687,22.0,14.0,2022-08-02 21:27:02,40.8634,-70.8755,3.212,cast,a,87.4,4.6,1,1,2022-02-20,'LTER_EN687_C22N14',L3,0.656
EN695,1.0,5.0,2023-01-11 20:00:38,41.1979,-70.8854,16.998,cast,a,87.6,6.8,1,1,2023-02-05,LTER_EN695_C1N5,L1,0.221
EN695,1.0,24.0,2023-01-11 20:06:53,41.1983,-70.8866,2.994,cast,a,81.8,5.3,1,1,2023-02-05,LTER_EN695_C1N24,L1,0.328
EN695,2.0,1.0,2023-01-12 03:35:27,40.365,-70.8851,86.451,cast,a,62.2,9.2,1,1,2023-02-05,LTER_EN695_C2N1,L6,0.243
EN695,2.0,11.0,2023-01-12 03:46:43,40.3674,-70.8873,25.185,cast,a,69.7,6.6,1,1,2023-02-05,LTER_EN695_C2N11,L6,0.568
EN695,2.0,18.0,2023-01-12 03:50:05,40.3681,-70.8877,2.907,cast,a,72.1,6.8,1,1,2023-02-05,LTER_EN695_C2N18,L6,0.651
EN695,3.0,9.0,2023-01-12 07:04:00,40.0493,-70.8812,93.169,cast,a,62.8,7.5,1,1,2023-02-07,LTER_EN695_C3N9,L9,0.428
EN695,3.0,16.0,2023-01-12 07:09:33,40.05,-70.881,39.754,cast,a,66.2,6.8,1,1,2023-02-07,LTER_EN695_C3N16,L9,0.506
EN695,3.0,21.0,2023-01-12 07:13:56,40.0506,-70.8808,3.741,cast,a,62.6,9.2,1,1,2023-02-05,LTER_EN695_C3N21,L9,0.575
EN695,4.0,9.0,2023-01-12 09:51:45,39.9485,-70.8754,99.984,cast,a,63.4,6.2,1,1,2023-02-05,LTER_EN695_C4N9,L10,1.161
EN695,4.0,12.0,2023-01-12 09:56:13,39.9493,-70.8747,70.264,cast,a,63.6,5.5,3,3,2023-02-05,LTER_EN695_C4N12,L10,1.268
EN695,4.0,20.0,2023-01-12 10:02:55,39.9504,-70.8737,2.911,cast,a,67.4,6.0,1,1,2023-02-05,LTER_EN695_C4N20,L10,1.417
EN695,4.0,20.0,2023-01-12 10:02:55,39.9504,-70.8737,2.911,cast,b,66.7,6.7,1,1,2023-02-07,LTER_EN695_C4N20_duplicate,L10,1.417
EN695,5.0,2.0,2023-01-12 12:35:47,39.779,-70.8871,501.211,cast,a,47.2,22.9,1,1,2023-02-05,LTER_EN695_C5N2,L11,0.712
EN695,5.0,2.0,2023-01-12 12:35:47,39.779,-70.8871,501.211,cast,b,48.4,24.0,1,1,2023-02-07,LTER_EN695_C5N2_duplicate,L11,0.712
EN695,5.0,6.0,2023-01-12 12:48:24,39.7811,-70.8854,90.361,cast,a,62.1,8.0,1,1,2023-02-05,LTER_EN695_C5N6,L11,0.886
EN695,5.0,12.0,2023-01-12 12:54:03,39.782,-70.8847,24.861,cast,a,NA,6.1,4,1,2023-02-05,LTER_EN695_C5N12,L11,0.975
EN695,5.0,19.0,2023-01-12 12:58:09,39.7827,-70.8846,3.172,cast,a,68.4,6.2,1,1,2023-02-07,LTER_EN695_C5N19,L11,1.051
EN695,6.0,2.0,2023-01-12 20:27:51,40.1519,-70.8811,129.895,cast,a,56.6,14.1,1,1,2023-02-07,LTER_EN695_C6N2,L8,0.188
EN695,6.0,14.0,2023-01-12 20:41:00,40.1524,-70.8771,20.277,cast,a,72.3,5.5,1,1,2023-02-05,LTER_EN695_C6N14,L8,0.533
EN695,6.0,19.0,2023-01-12 20:42:55,40.1525,-70.8766,5.572,cast,a,74.2,5.1,1,1,2023-02-05,LTER_EN695_C6N19,L8,0.576
EN695,7.0,2.0,2023-01-12 22:48:56,40.259,-70.8819,113.142,cast,a,56.8,9.5,1,1,2023-02-05,LTER_EN695_C7N2,L07,0.205
EN695,7.0,14.0,2023-01-12 23:00:05,40.2593,-70.8792,20.818,cast,a,73.5,5.9,1,1,2023-02-05,LTER_EN695_C7N14,L07,0.401
EN695,7.0,19.0,2023-01-12 23:02:41,40.2594,-70.8786,4.631,cast,a,70.2,5.1,1,1,2023-02-05,LTER_EN695_C7N19,L07,0.451
EN695,8.0,11.0,2023-01-13 02:08:12,40.5145,-70.8844,20.087,cast,a,72.2,9.2,1,1,2023-02-05,LTER_EN695_C8N11,L05,0.163
EN695,8.0,19.0,2023-01-13 02:10:12,40.5145,-70.8838,5.496,cast,a,72.5,9.4,1,1,2023-02-07,LTER_EN695_C8N19_couldBeN14,L05,0.14
EN695,9.0,6.0,2023-01-13 04:27:07,40.6971,-70.8822,40.396,cast,a,74.2,6.3,1,1,2023-02-05,LTER_EN695_C9N6,L4,0.103
EN695,9.0,24.0,2023-01-13 04:32:17,40.6971,-70.881,5.204,cast,a,70.7,5.6,1,1,2023-02-05,LTER_EN695_C9N24,L4,0.199
EN695,10.0,4.0,2023-01-13 07:11:48,40.8623,-70.8817,34.968,cast,a,78.4,6.2,1,1,2023-02-05,LTER_EN695_C10N4,L3,0.175
EN695,10.0,19.0,2023-01-13 07:16:25,40.8623,-70.8804,5.775,cast,a,77.1,7.0,1,1,2023-02-05,LTER_EN695_C10N19,L3,0.268
EN695,11.0,12.0,2023-01-13 10:24:50,41.0214,-70.8823,4.766,cast,a,82.9,7.0,1,1,2023-02-07,LTER_EN695_C11N12,L2,0.96
EN695,16.0,5.0,2023-01-14 20:44:11,41.3126,-70.5806,3.53,cast,a,82.5,5.0,1,1,2023-02-05,LTER_EN695_C16N5,MVCO,1.802
HRS2303,1.0,9.0,2023-04-29 10:57:03,41.3269,-70.5641,1.476,cast,a,107.0,7.1,1,1,2023-09-19,'LTER_HRS2303_C1N9',MVCO,0.303
HRS2303,2.0,10.0,2023-05-02 20:08:22,41.2,-70.8847,3.752,cast,a,90.9,6.4,1,1,2023-09-20,'LTER_HRS2303_C2N10',L1,0.385
HRS2303,3.0,6.0,2023-05-03 04:31:07,40.5129,-70.8836,32.313,cast,a,71.9,8.7,1,1,2023-09-19,'LTER_HRS2303_C3N6',L05,0.051
HRS2303,3.0,12.0,2023-05-03 04:36:16,40.5131,-70.883,4.158,cast,a,72.4,5.3,1,1,2023-09-19,'LTER_HRS2303_C3N12',L05,0.034
HRS2303,4.0,3.0,2023-05-03 08:43:43,40.256,-70.8857,89.235,cast,a,61.4,12.0,1,1,2023-09-19,'LTER_HRS2303_C4N3',L07,0.263
HRS2303,4.0,9.0,2023-05-03 08:52:27,40.2568,-70.8859,24.922,cast,a,69.1,4.5,1,1,2023-09-20,'LTER_HRS2303_C4N9',L07,0.234
HRS2303,4.0,11.0,2023-05-03 08:55:04,40.257,-70.8859,2.892,cast,a,74.8,5.1,1,1,2023-09-19,'LTER_HRS2303_C4N11',L07,0.228
HRS2303,5.0,4.0,2023-05-03 11:07:53,40.1547,-70.8821,82.537,cast,a,63.9,7.6,1,1,2023-09-20,'LTER_HRS2303_C5N4',L8,0.349
HRS2303,5.0,9.0,2023-05-03 11:15:31,40.1551,-70.8828,30.128,cast,a,71.8,8.0,1,1,2023-09-19,'LTER_HRS2303_C5N9',L8,0.38
HRS2303,5.0,12.0,2023-05-03 11:19:50,40.1556,-70.8826,2.804,cast,a,68.2,2.9,1,1,2023-09-20,'LTER_HRS2303_C5N12',L8,0.438
HRS2303,5.0,12.0,2023-05-03 11:19:50,40.1556,-70.8826,2.804,cast,b,68.2,5.3,1,3,2023-09-19,'LTER_HRS2303_C5N12_dup',L8,0.438
HRS2303,6.0,5.0,2023-05-03 13:33:55,40.0451,-70.8779,80.02,cast,a,65.3,7.9,1,1,2023-09-19,'LTER_HRS2303_C6N5',L9,0.466
HRS2303,6.0,9.0,2023-05-03 13:40:33,40.0443,-70.877,17.846,cast,a,69.8,2.8,1,3,2023-09-20,'LTER_HRS2303_C6N9',L9,0.562
HRS2303,6.0,12.0,2023-05-03 13:42:14,40.0441,-70.8767,3.163,cast,a,72.5,4.6,1,1,2023-09-19,'LTER_HRS2303_C6N12',L9,0.593
HRS2303,7.0,2.0,2023-05-03 18:38:43,39.9389,-70.8724,443.396,cast,a,49.3,26.9,1,1,2023-09-19,'LTER_HRS2303_C7N2',L10,0.937
HRS2303,7.0,5.0,2023-05-03 19:04:41,39.9383,-70.8683,89.769,cast,a,59.9,11.2,1,1,2023-09-19,'LTER_HRS2303_C7N5',L10,1.293
HRS2303,7.0,5.0,2023-05-03 19:04:41,39.9383,-70.8683,89.769,cast,b,63.3,9.4,1,1,2023-09-19,'LTER_HRS2303_C7N5_dup',L10,1.293
HRS2303,7.0,10.0,2023-05-03 19:12:08,39.9383,-70.8667,27.355,cast,a,67.5,5.0,1,1,2023-09-19,'LTER_HRS2303_C7N10',L10,1.428
HRS2303,7.0,12.0,2023-05-03 19:15:53,39.9383,-70.866,2.088,cast,a,69.6,5.7,1,1,2023-09-19,'LTER_HRS2303_C7N12',L10,1.487
HRS2303,8.0,1.0,2023-05-03 23:21:31,39.7664,-70.889,495.316,cast,a,47.0,24.4,1,1,2023-09-20,'LTER_HRS2303_C8N1a',L11,0.909
HRS2303,8.0,1.0,2023-05-03 23:21:31,39.7664,-70.889,495.316,cast,b,47.0,28.4,1,1,2023-09-19,'LTER_HRS2303_C8N13_couldBe_c8N1B',L11,0.909
HRS2303,8.0,6.0,2023-05-03 23:49:56,39.7638,-70.8934,98.862,cast,a,61.3,11.7,1,1,2023-09-19,'LTER_HRS2303_C8N6',L11,1.364
HRS2303,8.0,9.0,2023-05-03 23:56:58,39.7632,-70.8946,28.319,cast,a,67.4,6.2,1,1,2023-09-19,'LTER_HRS2303_C8N9',L11,1.481
HRS2303,8.0,11.0,2023-05-04 00:03:02,39.7628,-70.8956,2.557,cast,a,71.3,4.5,1,1,2023-09-19,'LTER_HRS2303_C8N11',L11,1.571
HRS2303,9.0,2.0,2023-05-04 13:54:43,40.3621,-70.8898,88.122,cast,a,66.3,12.3,1,1,2023-09-19,'LTER_HRS2303_C9N2',L6,0.567
HRS2303,9.0,7.0,2023-05-04 14:04:46,40.363,-70.8916,25.079,cast,a,74.1,6.4,1,1,2023-09-19,'LTER_HRS2303_C9N11',L6,0.704
HRS2303,9.0,11.0,2023-05-04 14:10:22,40.3635,-70.8922,2.45,cast,a,66.7,3.2,1,1,2023-09-20,'LTER_HRS2303_C9N7',L6,0.754
HRS2303,9.0,11.0,2023-05-04 14:10:22,40.3635,-70.8922,2.45,cast,b,68.9,2.9,1,1,2023-09-20,'LTER_HRS2303_C9N11_dup',L6,0.754
HRS2303,10.0,5.0,2023-05-04 18:48:25,40.6968,-70.8866,35.343,cast,a,77.3,6.5,1,1,2023-09-19,'LTER_HRS2303_C10N5',L4,0.278
HRS2303,10.0,12.0,2023-05-04 18:55:01,40.6961,-70.887,5.286,cast,a,70.7,2.9,1,1,2023-09-20,'LTER_HRS2303_C10N12',L4,0.319
HRS2303,11.0,6.0,2023-05-04 22:31:33,40.8651,-70.8885,30.805,cast,a,73.7,5.4,1,1,2023-09-19,'LTER_HRS2303_C11N6',L3,0.481
HRS2303,11.0,6.0,2023-05-04 22:31:33,40.8651,-70.8885,30.805,cast,b,69.9,4.1,1,1,2023-09-20,'LTER_HRS2303_C11N6_dup',L3,0.481
HRS2303,11.0,12.0,2023-05-04 22:38:57,40.8643,-70.89,2.425,cast,a,75.6,3.9,1,1,2023-09-19,'LTER_HRS2303_C11N12',L3,0.574
HRS2303,12.0,9.0,2023-05-05 01:37:00,41.0296,-70.8835,24.217,cast,a,80.6,5.0,1,1,2023-09-20,'LTER_HRS2303_C12N9',L2,0.048
HRS2303,12.0,12.0,2023-05-05 01:39:36,41.029,-70.8836,2.399,cast,a,85.5,6.5,1,3,2023-09-19,'LTER_HRS2303_C12N12',L2,0.114
EN706,1.0,13.0,2023-08-07 17:37:02,41.1982,-70.881,2.976,cast,a,94.4,5.7,1,1,2023-11-19,'LTER_EN706_C1N13',L1,0.255
EN706,2.0,20.0,2023-08-08 06:41:53,41.0313,-70.876,4.09,cast,a,97.9,8.2,1,1,2023-11-19,'LTER_EN706_C2N20',L2,0.629
EN706,5.0,9.0,2023-08-08 15:52:14,40.6926,-70.8795,25.442,cast,a,86.2,6.6,1,1,2023-11-19,'LTER_EN706_C5N9',L4,0.557
EN706,5.0,18.0,2023-08-08 15:56:42,40.692,-70.8791,4.072,cast,a,86.9,5.5,1,1,2023-11-19,'LTER_EN706_C5N18',L4,0.631
EN706,6.0,8.0,2023-08-08 20:49:44,40.5107,-70.8809,31.938,cast,a,81.5,7.1,1,1,2023-11-19,'LTER_EN706_C6N8',L05,0.353
EN706,6.0,19.0,2023-08-08 20:55:32,40.5099,-70.8807,4.258,cast,a,90.3,NA,1,9,2023-11-19,'LTER_EN706_C6N19_messyLabel_wasN16',L05,0.437
EN706,6.0,19.0,2023-08-08 20:55:32,40.5099,-70.8807,4.258,cast,b,91.7,7.0,1,1,2023-11-19,'LTER_EN706_C6N19_dup',L05,0.437
EN706,9.0,2.0,2023-08-09 19:55:24,39.7734,-70.8853,501.938,cast,a,47.4,27.4,1,1,2023-11-19,'LTER_EN706_C9N2',L11,0.171
EN706,9.0,2.0,2023-08-09 19:55:24,39.7734,-70.8853,501.938,cast,b,45.5,27.4,1,1,2023-11-19,'LTER_EN706_C9N2_dup',L11,0.171
EN706,9.0,4.0,2023-08-09 20:06:13,39.7723,-70.8875,140.844,cast,a,53.4,14.8,1,1,2023-11-19,'LTER_EN706_C9N4',L11,0.376
EN706,9.0,9.0,2023-08-09 20:13:33,39.7714,-70.889,55.598,cast,a,72.3,NA,1,9,2023-11-27,'LTER_EN706_C9N9',L11,0.531
EN706,9.0,19.0,2023-08-09 20:21:39,39.7705,-70.8903,4.044,cast,a,84.5,NA,1,9,2023-11-27,'LTER_EN706_C9N19',L11,0.674
EN706,9.0,19.0,2023-08-09 20:21:39,39.7705,-70.8903,4.044,cast,b,79.3,6.0,1,1,2023-11-19,'LTER_EN706_C9N19_dup',L11,0.674
EN706,10.0,2.0,2023-08-10 00:10:08,39.9373,-70.8829,445.226,cast,a,45.8,28.2,1,1,2023-11-19,'LTER_EN706_C10N2',L10,0.302
EN706,10.0,5.0,2023-08-10 00:19:11,39.936,-70.883,79.978,cast,a,54.5,14.9,1,1,2023-11-19,'LTER_EN706_C10N5',L10,0.446
EN706,10.0,11.0,2023-08-10 00:23:40,39.9353,-70.884,47.128,cast,a,69.4,6.1,1,1,2023-11-19,'LTER_EN706_C10N11',L10,0.526
EN706,10.0,19.0,2023-08-10 00:28:59,39.9344,-70.8856,4.277,cast,a,84.1,5.3,1,1,2023-11-19,'LTER_EN706_C10N19',L10,0.653
EN706,13.0,5.0,2023-08-10 07:53:14,40.0469,-70.8858,119.316,cast,a,51.5,21.7,1,1,2023-11-19,'LTER_EN706_C13N5',L9,0.245
EN706,13.0,12.0,2023-08-10 07:58:50,40.0467,-70.8865,40.796,cast,b,76.0,5.2,1,1,2023-11-19,'LTER_EN706_C13N12_dup',L9,0.29
EN706,13.0,12.0,2023-08-10 07:58:50,40.0467,-70.8865,40.796,cast,a,76.9,4.8,1,1,2023-11-19,'LTER_EN706_C13N12',L9,0.29
EN706,13.0,23.0,2023-08-10 08:05:11,40.0463,-70.8872,3.573,cast,a,83.9,5.3,1,1,2023-11-19,'LTER_EN706_C13N23',L9,0.337
EN706,14.0,2.0,2023-08-10 21:53:01,40.2563,-70.8792,116.607,cast,a,61.3,NA,1,9,2023-11-27,'LTER_EN706_C14N2',L07,0.373
EN706,14.0,10.0,2023-08-10 22:03:53,40.2554,-70.8767,38.796,cast,a,76.1,6.0,1,1,2023-11-19,'LTER_EN706_C14N10',L07,0.607
EN706,14.0,18.0,2023-08-10 22:10:06,40.2547,-70.8752,3.651,cast,a,85.8,6.8,1,1,2023-11-19,'LTER_EN706_C14N18',L07,0.755
EN706,14.0,18.0,2023-08-10 22:10:06,40.2547,-70.8752,3.651,cast,b,89.3,6.7,1,1,2023-11-19,'LTER_EN706_C14N18_dup_txtNotClear',L07,0.755
EN706,15.0,1.0,2023-08-11 00:07:45,40.149,-70.8783,131.99,cast,a,54.2,23.4,1,1,2023-11-19,'LTER_EN706_C15N1',L8,0.52
EN706,15.0,8.0,2023-08-11 00:17:16,40.1451,-70.8765,43.596,cast,a,67.2,5.2,1,1,2023-11-19,'LTER_EN706_C15N8',L8,0.934
EN706,15.0,19.0,2023-08-11 00:27:11,40.1414,-70.8739,3.383,cast,a,86.7,NA,1,9,2023-11-19,'LTER_EN706_C15N19',L8,1.396
EN706,19.0,1.0,2023-08-11 08:39:19,40.3649,-70.8875,89.064,cast,a,64.4,11.8,1,1,2023-11-19,'LTER_EN706_C19N1',L6,0.398
EN706,19.0,9.0,2023-08-11 08:50:58,40.3654,-70.8913,29.464,cast,a,74.2,7.4,1,1,2023-11-19,'LTER_EN706_C19N9',L6,0.717
EN706,19.0,18.0,2023-08-11 08:57:08,40.3657,-70.8934,4.219,cast,a,91.7,NA,1,9,2023-11-27,'LTER_EN706_C19N18',L6,0.896
EN706,20.0,11.0,2023-08-11 20:57:17,40.8608,-70.8792,23.328,cast,a,82.8,6.4,1,1,2023-11-19,'LTER_EN706_C20N11',L3,0.443
EN706,20.0,22.0,2023-08-11 21:02:10,40.8602,-70.8786,4.225,cast,a,93.7,5.9,1,1,2023-11-19,'LTER_EN706_C20N22',L3,0.524
EN706,24.0,9.0,2023-08-12 08:25:03,41.3136,-70.5819,3.132,cast,b,104.7,NA,1,9,2023-11-27,'LTER_EN706_C24N9_dup',MVCO,1.794
EN706,24.0,9.0,2023-08-12 08:25:03,41.3136,-70.5819,3.132,cast,a,102.3,NA,1,9,2023-11-27,'LTER_EN706_C24N9',MVCO,1.794
AR77,1.0,14.0,2023-10-11 15:58:15,41.1955,-70.8772,4.031,cast,a,97.1,9.7,1,1,2023-11-28,'LTER_AR77_C1N14',L1,0.528
AR77,2.0,18.0,2023-10-12 03:55:00,41.0298,-70.884,2.984,cast,a,100.3,9.5,1,1,2023-11-27,'LTER_AR77_C2N18',L2,0.063
AR77,5.0,9.0,2023-10-12 11:46:40,40.5133,-70.8827,30.115,cast,a,79.1,7.6,1,1,2023-11-28,'LTER_AR77_C5N9',L05,0.051
AR77,5.0,16.0,2023-10-12 11:51:20,40.5133,-70.8827,3.455,cast,a,77.6,6.3,1,1,2023-11-28,'LTER_AR77_C5N16',L05,0.051
AR77,5.0,16.0,2023-10-12 11:51:20,40.5133,-70.8827,3.455,cast,b,81.3,8.7,1,1,2023-11-27,'LTER_AR77_C5N16_dup',L05,0.051
AR77,6.0,2.0,2023-10-13 02:50:09,39.94,-70.884,439.581,cast,a,47.5,31.5,1,1,2023-11-28,'LTER_AR77_C6N2',L10,0.06
AR77,6.0,5.0,2023-10-13 03:00:08,39.94,-70.884,61.006,cast,a,70.4,16.8,1,1,2023-11-27,'LTER_AR77_C6N5',L10,0.06
AR77,6.0,9.0,2023-10-13 03:05:18,39.94,-70.884,30.208,cast,a,73.2,7.8,1,1,2023-11-28,'LTER_AR77_C6N9',L10,0.06
AR77,6.0,18.0,2023-10-13 03:11:19,39.94,-70.884,3.453,cast,a,80.5,8.7,1,1,2023-11-27,'LTER_AR77_C6N18',L10,0.06
AR77,9.0,2.0,2023-10-13 09:33:43,39.773,-70.8835,502.362,cast,a,48.1,28.5,1,1,2023-11-28,'LTER_AR77_C9N2',L11,0.037
AR77,9.0,2.0,2023-10-13 09:33:43,39.773,-70.8835,502.362,cast,b,51.9,30.0,1,1,2023-11-27,'LTER_AR77_C9N2_dup',L11,0.037
AR77,9.0,4.0,2023-10-13 09:45:14,39.773,-70.8835,120.791,cast,a,53.1,17.5,1,1,2023-11-28,'LTER_AR77_C9N4',L11,0.037
AR77,9.0,11.0,2023-10-13 09:54:34,39.773,-70.8835,32.693,cast,a,68.8,5.8,1,1,2023-11-28,'LTER_AR77_C9N11',L11,0.037
AR77,9.0,18.0,2023-10-13 09:59:48,39.773,-70.8835,3.518,cast,a,74.9,7.7,1,1,2023-11-27,'LTER_AR77_C9N18',L11,0.037
AR77,10.0,1.0,2023-10-13 20:16:11,40.3627,-70.883,87.496,cast,a,80.5,13.0,1,1,2023-11-27,'LTER_AR77_C10N1',L6,0.071
AR77,10.0,13.0,2023-10-13 20:25:14,40.3627,-70.883,14.934,cast,a,84.2,10.7,1,1,2023-11-27,'LTER_AR77_C10N13',L6,0.071
AR77,10.0,19.0,2023-10-13 20:27:16,40.3627,-70.883,4.005,cast,b,82.4,8.0,1,1,2023-11-28,'LTER_AR77_C10N19_dup',L6,0.071
AR77,10.0,19.0,2023-10-13 20:27:16,40.3627,-70.883,4.005,cast,a,84.1,8.8,1,1,2023-11-28,'LTER_AR77_C10N19',L6,0.071
AR77,13.0,16.0,2023-10-14 02:00:32,40.0308,-70.8808,25.64,cast,a,86.5,9.0,1,1,2023-11-27,'LTER_AR77_C13N16',L9,1.681
AR77,13.0,21.0,2023-10-14 02:04:15,40.0308,-70.8808,3.686,cast,a,83.7,9.3,1,1,2023-11-27,'LTER_AR77_C13N21',L9,1.681
AR77,16.0,3.0,2023-10-14 07:47:47,40.1508,-70.8843,94.807,cast,a,78.6,13.8,1,1,2023-11-28,'LTER_AR77_C16N18',L8,0.131
AR77,16.0,9.0,2023-10-14 07:55:41,40.1508,-70.8843,22.252,cast,a,77.6,7.8,1,1,2023-11-27,'LTER_AR77_C16N3',L8,0.131
AR77,16.0,9.0,2023-10-14 07:55:41,40.1508,-70.8843,22.252,cast,b,75.2,7.8,1,1,2023-11-27,'LTER_AR77_C16N9',L8,0.131
AR77,16.0,18.0,2023-10-14 08:01:08,40.1508,-70.8843,3.21,cast,a,76.5,6.0,1,1,2023-11-27,'LTER_AR77_C16N9_dup',L8,0.131
AR77,17.0,3.0,2023-10-14 10:12:19,40.2573,-70.884,90.06,cast,a,69.7,17.2,1,1,2023-11-27,'LTER_AR77_C17N3',L07,0.063
AR77,17.0,10.0,2023-10-14 10:21:04,40.2573,-70.884,26.06,cast,a,77.1,6.7,1,1,2023-11-28,'LTER_AR77_C17N10',L07,0.063
AR77,17.0,15.0,2023-10-14 10:24:53,40.2573,-70.884,3.565,cast,a,78.1,7.1,1,1,2023-11-28,'LTER_AR77_C17N15',L07,0.063
AR77,18.0,1.0,2023-10-14 20:57:49,40.8628,-70.8828,50.208,cast,a,77.3,21.3,1,1,2023-11-27,'LTER_AR77_C18N1',L3,0.07
AR77,18.0,6.0,2023-10-14 21:01:28,40.8628,-70.8828,32.273,cast,a,86.5,8.1,1,1,2023-11-28,'LTER_AR77_C18N6',L3,0.07
AR77,18.0,16.0,2023-10-14 21:06:45,40.8628,-70.8828,3.413,cast,a,84.7,7.1,1,1,2023-11-28,'LTER_AR77_C18N16',L3,0.07
AR77,19.0,1.0,2023-10-14 23:09:06,40.697,-70.8838,61.631,cast,a,77.4,21.2,1,1,2023-11-27,'LTER_AR77_C19N1',L4,0.054
AR77,19.0,9.0,2023-10-14 23:18:03,40.697,-70.8838,20.126,cast,a,85.8,7.8,1,1,2023-11-28,'LTER_AR77_C19N9',L4,0.054
AR77,19.0,19.0,2023-10-14 23:22:34,40.697,-70.8838,2.818,cast,a,83.8,9.4,1,1,2023-11-27,'LTER_AR77_C19N19',L4,0.054
AR77,35.0,4.0,2023-10-16 08:56:03,41.3245,-70.5777,3.555,cast,a,98.7,10.3,1,1,2023-11-28,'LTER_AR77_C35N4',MVCO,0.92
EN712,1.0,17.0,2024-02-09 18:42:25,41.1927,-70.8854,3.156,cast,a,86.0,5.6,1,1,2024-04-21,LTER_EN712_C1N17,L1,0.478
EN712,2.0,11.0,2024-02-10 04:31:48,40.5098,-70.8842,31.999,cast,a,68.2,11.2,1,1,2024-04-21,LTER_EN712_C2N11,L05,0.397
EN712,2.0,17.0,2024-02-10 04:35:49,40.51,-70.884,3.787,cast,a,67.8,9.8,1,1,2024-04-21,LTER_EN712_C2N17,L05,0.372
EN712,5.0,2.0,2024-02-10 09:25:30,40.3648,-70.8833,89.646,cast,a,64.3,10.5,1,1,2024-04-21,LTER_EN712_C5N2,L6,0.167
EN712,5.0,10.0,2024-02-10 09:37:45,40.3663,-70.8839,32.564,cast,a,65.1,10.6,1,1,2024-04-21,LTER_EN712_C5N10,L6,0.337
EN712,5.0,19.0,2024-02-10 09:43:21,40.367,-70.8842,3.249,cast,a,63.3,11.9,1,1,2024-04-21,LTER_EN712_C5N19,L6,0.418
EN712,6.0,3.0,2024-02-10 11:53:26,40.2564,-70.8842,102.06,cast,a,60.4,10.8,1,1,2024-04-21,LTER_EN712_C6N3,L07,0.144
EN712,6.0,10.0,2024-02-10 12:01:31,40.2565,-70.8842,55.32,cast,a,64.9,10.8,1,1,2024-04-21,LTER_EN712_C6N10,L07,0.135
EN712,6.0,16.0,2024-02-10 12:10:29,40.2567,-70.8841,3.286,cast,a,68.3,9.6,1,1,2024-04-21,LTER_EN712_C6N16,L07,0.112
EN712,6.0,16.0,2024-02-10 12:10:29,40.2567,-70.8841,3.286,cast,b,65.1,10.0,1,1,2024-04-21,LTER_EN712_C6N16_dup,L07,0.112
EN712,7.0,2.0,2024-02-11 04:00:02,39.9374,-70.8844,441.046,cast,a,46.7,24.4,1,1,2024-04-21,LTER_EN712_C7N2,L10,0.304
EN712,7.0,3.0,2024-02-11 04:09:03,39.9355,-70.8858,129.878,cast,a,56.0,8.5,1,1,2024-04-21,LTER_EN712_C7N3,L10,0.544
EN712,7.0,11.0,2024-02-11 04:21:24,39.9327,-70.8878,14.404,cast,a,64.9,8.4,1,1,2024-04-21,LTER_EN712_C7N11,L10,0.898
EN712,7.0,19.0,2024-02-11 04:25:17,39.9318,-70.8885,3.034,cast,a,63.8,10.2,1,1,2024-04-21,LTER_EN712_C7N19,L10,1.014
EN712,10.0,1.0,2024-02-11 10:19:39,39.7655,-70.8879,494.225,cast,a,42.4,24.5,1,1,2024-04-21,LTER_EN712_C10N1,L11,0.952
EN712,10.0,1.0,2024-02-11 10:19:39,39.7655,-70.8879,494.225,cast,b,47.1,24.3,1,1,2024-04-21,LTER_EN712_C10N1_dup,L11,0.952
EN712,10.0,3.0,2024-02-11 10:40:19,39.7595,-70.8945,121.766,cast,a,55.2,9.0,1,1,2024-04-21,LTER_EN712_C10N3,L11,1.809
EN712,10.0,9.0,2024-02-11 10:50:25,39.7567,-70.899,26.361,cast,a,60.8,11.2,1,1,2024-04-21,LTER_EN712_C10N9,L11,2.282
EN712,10.0,18.0,2024-02-11 10:56:04,39.7551,-70.9016,3.251,cast,a,63.6,9.4,1,1,2024-04-21,LTER_EN712_C10N18,L11,2.558
EN712,11.0,2.0,2024-02-11 22:11:14,40.0445,-70.8904,205.293,cast,a,45.2,20.8,1,1,2024-04-21,LTER_EN712_C11N2,L9,0.621
EN712,11.0,7.0,2024-02-11 22:19:25,40.0441,-70.8922,75.201,cast,a,55.6,8.3,1,1,2024-04-21,LTER_EN712_C11N7,L9,0.781
EN712,11.0,22.0,2024-02-11 22:31:05,40.0435,-70.8966,3.354,cast,a,64.4,9.5,1,1,2024-04-21,LTER_EN712_C11N22,L9,1.161
EN712,12.0,2.0,2024-02-12 01:59:08,40.155,-70.8916,133.669,cast,a,58.1,10.5,1,1,2024-04-21,LTER_EN712_C12N2,L8,0.795
EN712,12.0,10.0,2024-02-12 02:14:41,40.1573,-70.8974,36.619,cast,a,65.9,10.2,1,1,2024-04-21,LTER_EN712_C12N10,L8,1.35
EN712,12.0,19.0,2024-02-12 02:19:38,40.1579,-70.8989,3.078,cast,a,62.1,10.5,1,1,2024-04-21,LTER_EN712_C12N19,L8,1.494
EN712,15.0,4.0,2024-02-12 10:03:11,40.6969,-70.8931,40.353,cast,a,68.0,10.3,1,1,2024-04-21,LTER_EN712_C15N4,L4,0.826
EN712,15.0,18.0,2024-02-12 10:13:14,40.6969,-70.8978,3.442,cast,a,64.1,11.8,1,1,2024-04-21,LTER_EN712_C15N18,L4,1.223
EN712,15.0,18.0,2024-02-12 10:13:14,40.6969,-70.8978,3.442,cast,b,69.2,11.0,1,1,2024-04-21,LTER_EN712_C15N18_dup,L4,1.223
EN712,16.0,7.0,2024-02-13 03:02:41,40.864,-70.888,15.119,cast,a,68.1,10.8,1,1,2024-04-21,LTER_EN712_C16N7,L3,0.403
EN712,16.0,17.0,2024-02-13 03:06:49,40.8642,-70.8891,3.484,cast,a,68.5,9.3,1,1,2024-04-21,LTER_EN712_C16N17,L3,0.498
EN712,17.0,13.0,2024-02-13 04:59:47,41.0281,-70.8868,3.106,cast,a,74.4,7.7,1,1,2024-04-21,LTER_EN712_C17N13,L2,0.362
EN712,17.0,13.0,2024-02-13 04:59:47,41.0281,-70.8868,3.106,cast,b,71.2,9.2,1,1,2024-04-21,LTER_EN712_C17N13_dup,L2,0.362
EN712,20.0,4.0,2024-02-13 11:48:11,41.315,-70.5825,3.091,cast,a,77.2,4.7,1,1,2024-04-21,LTER_EN712_C20N4,MVCO,1.726
AT46,NA,NA,NA,NA,NA,NA,blank,a,4.6,0.0,1,1,2022-03-03,LTER_AT46_MQ_ship.2.21.22,NA,NA
AT46,NA,NA,NA,NA,NA,NA,blank,a,3.7,0.3,1,1,2022-03-03,LTER_MQ_Redfield,NA,NA
AR66B,NA,NA,NA,NA,NA,NA,blank,a,1.7,-0.3,1,1,2022-06-09,LTER_AR66B_MilliQ,NA,NA
AR66B,NA,NA,NA,NA,NA,NA,blank,a,7.4,-0.4,1,1,2022-06-09,LTER_AR66B_MilliQ_redLid,NA,NA
AR66B,NA,NA,NA,NA,NA,NA,blank,a,3.8,-0.1,1,1,2022-06-09,LTER_Redfield_MilliQ,NA,NA
EN695,NA,NA,NA,NA,NA,NA,blank,a,2.4,0.0,1,1,2023-02-05,LTER_EN695_MQblankOnShip.1.14.23,NA,NA
EN706,NA,NA,NA,NA,NA,NA,blank,a,4.2,NA,1,9,2023-11-19,'LTER_EN706_8.10.23_EN_MilliQSPL',NA,NA
AR77,NA,NA,NA,NA,NA,NA,blank,NA,19.5,0.9,1,1,2023-11-27,'LTER_AR77_MilliQblank_10.15.23',NA,NA
EN712,NA,NA,NA,NA,NA,NA,blank,a,6.7,0.4,1,1,2024-04-21,LTER_EN712_DOC_MilliQblank_EN_SPL,NA,NA
EN712,NA,NA,NA,NA,NA,NA,blank,a,4.9,0.3,1,1,2024-04-21,LTER_EN712_RefieldQ_28Feb2024,NA,NA
